,index,frequency,isalpha
0,crushed,31,True
1,fatality,32,True
2,meltdown,34,True
5,thunder,45,True
6,fire,249,True
7,screams,35,True
8,lava,34,True
9,obliterated,31,True
10,love,101,True
12,survive,41,True
14,back,120,True
15,poor,20,True
16,jack,7,True
17,wreck,60,True
19,desolate,25,True
21,sirens,29,True
22,earthquake,49,True
23,blood,44,True
24,storm,121,True
25,finally,23,True
26,damn,23,True
27,bloody,45,True
28,smoke,48,True
29,sleep,7,True
31,summer,43,True
32,lovely,8,True
33,fatal,57,True
35,panic,41,True
36,hurricane,41,True
37,sick,16,True
38,apocalypse,35,True
39,please,72,True
40,feel,55,True
41,like,347,True
42,death,75,True
43,wrecked,39,True
45,emergency,157,True
47,destroy,41,True
48,house,44,True
49,fast,22,True
50,london,16,True
51,cool,32,True
53,attack,101,True
54,everywhere,9,True
56,whirlwind,37,True
57,sound,30,True
58,arson,31,True
59,want,79,True
60,still,128,True
61,blazing,31,True
62,hand,16,True
63,burning,115,True
64,massacre,37,True
68,wounds,34,True
69,energy,7,True
70,collapsed,37,True
71,thank,33,True
73,body,131,True
74,bags,44,True
75,lucky,11,True
76,hazard,41,True
78,blight,27,True
79,niggas,16,True
81,traumatised,36,True
82,mayhem,20,True
83,beautiful,30,True
84,weapon,45,True
86,burned,39,True
88,fuck,39,True
89,nuclear,104,True
91,screaming,43,True
93,drill,8,True
94,woke,10,True
95,blown,35,True
96,fear,57,True
98,internally,12,True
100,shit,56,True
101,electrocute,29,True
102,suicide,113,True
103,bomb,99,True
104,ready,18,True
109,always,45,True
110,floods,56,True
112,catastrophe,38,True
113,last,82,True
114,week,40,True
119,stream,9,True
121,sandstorm,37,True
125,ablaze,28,True
126,lord,20,True
129,blew,34,True
132,girl,40,True
133,crush,38,True
134,flattened,34,True
139,ruin,38,True
140,everything,23,True
141,awesome,16,True
142,thanks,30,True
145,drown,34,True
146,okay,22,True
147,panicking,33,True
150,angel,8,True
153,waves,24,True
157,hungry,7,True
158,hostage,36,True
159,must,33,True
160,annihilated,31,True
161,evacuate,43,True
162,life,91,True
167,head,43,True
168,gonna,43,True
169,explode,41,True
171,bruh,8,True
172,dies,17,True
173,exploded,34,True
175,going,104,True
178,dead,98,True
180,mudslide,37,True
181,dust,38,True
184,help,74,True
186,collided,40,True
188,gotta,11,True
191,bagging,33,True
192,survivors,39,True
194,good,89,True
198,devastated,43,True
202,disco,8,True
203,upon,12,True
204,airplane,35,True
205,accident,88,True
206,usually,10,True
207,never,63,True
208,happens,11,True
209,whole,39,True
210,world,106,True
211,night,51,True
212,soon,33,True
214,twitter,37,True
216,explosion,46,True
217,holy,7,True
218,called,21,True
221,destroyed,40,True
222,bitch,11,True
223,done,29,True
224,drought,39,True
225,real,39,True
228,riot,35,True
229,fight,27,True
230,bioterrorism,26,True
232,trauma,39,True
236,damage,56,True
239,runs,10,True
240,sleeping,10,True
241,woman,37,True
245,drowning,36,True
247,make,79,True
249,crash,119,True
251,turn,17,True
252,beach,19,True
255,arsonist,18,True
256,fully,12,True
257,hope,53,True
258,fall,44,True
259,cliff,35,True
265,serious,12,True
266,country,24,True
269,armageddon,37,True
270,curfew,37,True
271,watching,25,True
272,flames,57,True
275,injured,56,True
277,crazy,21,True
278,lightning,46,True
279,outside,25,True
280,trapped,42,True
282,rioting,36,True
284,shadow,7,True
287,attacked,41,True
288,time,115,True
289,obliterate,30,True
290,seek,11,True
294,tsunami,31,True
295,take,72,True
298,http,4276,True
304,keep,39,True
305,weapons,42,True
309,people,197,True
310,rainstorm,29,True
314,follow,20,True
315,demolished,30,True
318,hail,43,True
320,drunk,11,True
321,twister,39,True
322,hard,20,True
323,guns,8,True
327,need,72,True
328,thunderstorm,48,True
331,daily,21,True
332,battle,38,True
335,terrorist,39,True
336,well,49,True
337,feels,11,True
338,think,85,True
341,wanna,36,True
343,volcano,28,True
345,drink,12,True
349,bombed,39,True
352,face,47,True
353,hear,24,True
354,drowned,30,True
356,peace,20,True
358,eyewitness,30,True
359,looks,46,True
360,zone,33,True
362,found,51,True
364,rubble,26,True
365,deaths,41,True
368,squad,10,True
369,gone,13,True
371,social,11,True
372,casualty,31,True
375,video,162,True
377,hearing,9,True
379,every,58,True
380,song,32,True
383,combo,10,True
384,https,409,True
386,mtvhottest,7,True
388,started,15,True
389,bleeding,35,True
394,attacks,9,True
395,worst,21,True
398,sounds,17,True
399,forever,11,True
401,tomorrow,35,True
405,know,112,True
411,heavy,20,True
412,rain,45,True
416,long,40,True
417,road,37,True
419,free,44,True
421,honestly,9,True
422,sinkhole,42,True
424,hell,25,True
426,drake,20,True
427,really,71,True
428,meek,20,True
430,hailstorm,23,True
434,blizzard,19,True
435,would,136,True
436,clutch,7,True
440,fact,13,True
443,ball,21,True
445,stay,30,True
448,mini,9,True
449,heat,48,True
450,wave,36,True
453,listen,23,True
455,comes,17,True
456,brooklyn,13,True
461,another,68,True
462,burn,12,True
466,rocky,10,True
468,bush,30,True
469,fires,101,True
471,brain,9,True
472,lmao,16,True
473,emotional,11,True
474,right,68,True
476,absolutely,13,True
479,better,36,True
480,tornado,32,True
484,scared,17,True
490,worry,13,True
491,fucking,46,True
495,today,99,True
496,wish,12,True
498,hair,14,True
499,control,21,True
501,avalanche,28,True
502,streets,8,True
507,desolation,35,True
508,crying,9,True
511,caught,22,True
512,landslide,39,True
513,confirmed,45,True
514,debris,49,True
520,might,23,True
521,casualties,35,True
524,cake,19,True
525,aftershock,17,True
527,without,51,True
529,baseball,7,True
531,waiting,10,True
532,ambulance,40,True
533,setting,11,True
534,disaster,153,True
537,tube,7,True
538,strike,14,True
540,pandemonium,34,True
541,evacuated,33,True
543,michael,12,True
544,engulfed,32,True
546,kill,32,True
547,court,12,True
550,muslims,19,True
551,different,14,True
554,baby,32,True
556,till,18,True
560,three,31,True
562,left,34,True
564,walk,15,True
566,sinking,44,True
567,ship,21,True
573,hate,22,True
576,best,75,True
577,grill,8,True
580,soul,16,True
581,food,47,True
583,seen,22,True
586,harm,41,True
588,bout,8,True
600,reason,20,True
603,live,62,True
607,flooding,50,True
611,deal,26,True
612,wild,48,True
613,west,26,True
615,bring,17,True
625,demolish,33,True
628,knows,7,True
629,buildings,104,True
632,tonight,43,True
637,obliteration,30,True
638,become,20,True
639,society,7,True
640,took,14,True
641,longer,31,True
642,expected,15,True
649,mile,7,True
650,youtube,98,True
652,lets,12,True
661,child,22,True
662,justinbieber,8,True
663,arianagrande,11,True
666,crashed,37,True
671,typhoon,57,True
673,happy,24,True
674,birthday,11,True
675,young,16,True
677,photo,42,True
681,literally,23,True
682,land,25,True
683,come,56,True
688,spill,44,True
689,pussy,8,True
690,deep,15,True
691,could,83,True
692,twice,8,True
699,little,48,True
703,blaze,22,True
706,mets,8,True
709,getting,56,True
710,sunk,37,True
714,give,16,True
716,forest,66,True
717,near,53,True
720,canada,13,True
722,leads,7,True
723,destruction,40,True
727,team,24,True
730,tell,25,True
733,drop,7,True
734,nigga,13,True
737,flood,58,True
739,myanmar,18,True
740,arrived,8,True
741,beyond,11,True
743,inundation,9,True
744,rise,25,True
745,theres,7,True
746,truck,49,True
748,screamed,36,True
756,even,67,True
759,deluge,38,True
761,women,38,True
763,foot,7,True
767,mass,73,True
768,murder,41,True
773,electrocuted,34,True
776,standard,13,True
780,favorite,18,True
781,text,12,True
784,others,20,True
785,imagine,10,True
787,makes,24,True
792,murderer,33,True
797,looking,20,True
802,gave,17,True
808,stage,12,True
809,close,13,True
810,army,72,True
811,helicopter,25,True
816,king,16,True
818,inundated,35,True
819,call,38,True
820,windstorm,39,True
828,danger,36,True
835,potus,14,True
836,economy,7,True
837,continues,8,True
838,collapse,74,True
841,everyone,57,True
845,annihilation,22,True
848,ross,11,True
850,emmerdale,19,True
854,reading,11,True
857,christmas,7,True
863,survived,39,True
868,upheaval,29,True
871,following,17,True
874,gbbo,20,True
878,collide,33,True
881,space,22,True
883,yeah,26,True
884,feeling,21,True
890,chemical,35,True
892,things,37,True
895,welcome,10,True
896,meet,10,True
898,save,37,True
899,self,38,True
900,look,73,True
903,said,53,True
907,game,39,True
912,parents,14,True
913,believe,29,True
914,dream,9,True
916,train,85,True
917,derailed,35,True
918,morning,22,True
920,middle,17,True
921,natural,45,True
924,demolition,31,True
926,flat,7,True
930,brother,12,True
931,cause,48,True
932,past,35,True
935,year,78,True
936,power,35,True
939,find,26,True
940,kinda,12,True
943,haha,20,True
947,died,28,True
950,currently,10,True
952,number,14,True
954,plan,49,True
955,trip,8,True
957,dying,10,True
964,held,8,True
968,lights,8,True
971,derail,35,True
975,group,33,True
977,famine,36,True
978,pool,10,True
986,games,13,True
987,coming,51,True
990,broken,10,True
994,something,33,True
999,driving,18,True
1010,post,40,True
1016,union,12,True
1022,lion,7,True
1026,seconds,8,True
1033,funny,13,True
1035,guess,15,True
1036,able,10,True
1037,trouble,34,True
1041,wmata,8,True
1045,party,17,True
1046,nearly,21,True
1047,enough,16,True
1049,least,36,True
1051,chance,20,True
1052,nothing,29,True
1055,high,47,True
1057,friday,13,True
1066,picture,10,True
1068,days,29,True
1070,somebody,8,True
1072,super,15,True
1073,worlds,11,True
1075,rubber,8,True
1078,fatalities,42,True
1086,rescued,40,True
1087,hours,29,True
1094,siren,26,True
1095,test,12,True
1096,complete,11,True
1099,ever,55,True
1100,heard,35,True
1106,heart,35,True
1110,around,40,True
1111,room,16,True
1112,came,32,True
1113,inside,28,True
1116,taking,17,True
1120,needs,21,True
1121,stop,51,True
1122,injuries,43,True
1124,falls,9,True
1132,first,109,True
1141,anymore,12,True
1143,cant,14,True
1147,exploration,8,True
1150,rate,11,True
1156,plane,34,True
1165,update,37,True
1166,pretty,23,True
1167,much,64,True
1169,africa,12,True
1176,island,37,True
1177,wedding,13,True
1179,river,32,True
1182,flash,21,True
1186,freak,11,True
1195,moment,17,True
1196,home,80,True
1200,terrible,7,True
1202,work,74,True
1206,problems,7,True
1211,wars,9,True
1212,content,54,True
1216,white,38,True
1219,watch,85,True
1220,battlefield,9,True
1223,secret,15,True
1224,gets,26,True
1226,property,23,True
1230,guys,26,True
1231,music,29,True
1239,making,29,True
1240,boys,10,True
1242,many,78,True
1244,apply,10,True
1248,bombing,68,True
1249,alone,19,True
1253,ideas,7,True
1265,working,16,True
1266,second,28,True
1271,releases,8,True
1272,name,22,True
1273,tired,10,True
1276,sorry,22,True
1281,stops,7,True
1284,shot,27,True
1285,udhampur,13,True
1288,rock,17,True
1292,rescue,41,True
1299,dont,20,True
1307,tablet,12,True
1309,breaking,39,True
1310,terror,14,True
1311,police,142,True
1312,leave,28,True
1314,went,34,True
1319,injury,40,True
1320,case,22,True
1326,nice,13,True
1327,calgary,33,True
1337,someone,43,True
1340,leader,8,True
1345,already,29,True
1346,school,67,True
1347,starting,7,True
1349,snow,10,True
1364,sign,20,True
1368,lost,25,True
1370,amazon,13,True
1371,wait,26,True
1374,listening,7,True
1377,terrorism,41,True
1379,american,25,True
1380,shop,8,True
1395,tragedy,36,True
1403,sunday,13,True
1407,great,60,True
1408,village,13,True
1409,hostages,37,True
1410,weekend,13,True
1413,epicentre,9,True
1415,month,14,True
1423,failure,42,True
1432,nowplaying,26,True
1435,hellfire,19,True
1441,sitting,14,True
1444,evening,13,True
1448,atomic,57,True
1455,stars,7,True
1456,voice,8,True
1457,mind,10,True
1460,thing,37,True
1462,reported,17,True
1463,cases,9,True
1465,loud,44,True
1469,hazardous,36,True
1470,health,27,True
1474,side,24,True
1478,running,20,True
1484,straight,11,True
1485,navy,11,True
1486,sidelines,7,True
1495,dogs,12,True
1498,canyon,9,True
1500,seven,7,True
1504,blue,20,True
1510,survival,7,True
1513,lady,14,True
1517,south,31,True
1520,crime,11,True
1524,cover,13,True
1528,ways,8,True
1529,stretcher,27,True
1531,phone,35,True
1533,mode,16,True
1536,double,13,True
1537,result,8,True
1538,sure,32,True
1539,made,46,True
1540,impact,8,True
1543,line,27,True
1547,tweet,16,True
1553,maybe,25,True
1557,rule,9,True
1558,structural,36,True
1562,knee,7,True
1568,club,7,True
1571,cyclone,30,True
1572,football,10,True
1575,coffee,9,True
1580,remember,29,True
1581,louis,12,True
1583,round,10,True
1584,tears,11,True
1588,major,22,True
1592,wounded,48,True
1594,shots,16,True
1598,memories,25,True
1600,area,49,True
1604,target,8,True
1607,crap,8,True
1610,times,49,True
1611,national,35,True
1613,played,13,True
1615,glad,14,True
1618,slightly,7,True
1621,feet,12,True
1625,thomas,7,True
1628,prevent,11,True
1630,turned,13,True
1631,change,44,True
1632,record,14,True
1634,obama,61,True
1635,declares,25,True
1636,saipan,23,True
1643,report,30,True
1645,threat,13,True
1647,hold,10,True
1648,supposed,9,True
1653,root,7,True
1656,mortal,8,True
1657,kombat,8,True
1659,interesting,14,True
1661,blast,30,True
1666,potential,10,True
1669,wednesday,16,True
1672,linked,12,True
1674,causes,13,True
1676,john,7,True
1682,kids,31,True
1684,bodies,21,True
1704,reduce,8,True
1707,tent,10,True
1708,story,38,True
1722,hollywood,23,True
1723,movie,47,True
1724,miners,22,True
1725,released,41,True
1726,chile,18,True
1733,enjoy,9,True
1744,babies,10,True
1757,release,10,True
1761,seeing,16,True
1762,issues,30,True
1764,quite,10,True
1776,hunt,9,True
1780,rather,12,True
1781,violent,36,True
1784,message,10,True
1785,detonate,30,True
1801,almost,25,True
1802,check,46,True
1803,lamp,16,True
1804,dude,15,True
1807,office,13,True
1811,true,17,True
1813,future,12,True
1814,america,28,True
1821,snowstorm,28,True
1836,scene,16,True
1843,colorado,16,True
1846,together,12,True
1850,eyes,23,True
1853,markets,7,True
1855,thought,31,True
1874,show,37,True
1880,along,12,True
1883,media,28,True
1884,outrage,16,True
1887,list,10,True
1914,person,26,True
1916,book,24,True
1922,tips,8,True
1928,keeps,10,True
1946,press,13,True
1948,center,23,True
1949,bomber,56,True
1950,hits,8,True
1951,saudi,40,True
1952,mosque,35,True
1957,missing,43,True
1961,says,45,True
1963,fashion,16,True
1975,date,13,True
1977,starts,10,True
1982,idea,14,True
1990,apollo,15,True
1991,brown,26,True
2007,officer,30,True
2008,suspect,36,True
2009,exchanging,11,True
2021,texas,21,True
2024,also,44,True
2025,loved,13,True
2032,unless,8,True
2034,ground,13,True
2040,across,20,True
2045,seriously,9,True
2046,biggest,16,True
2053,hiroshima,92,True
2054,marks,17,True
2055,years,79,True
2056,since,53,True
2058,mary,8,True
2073,family,43,True
2079,probably,23,True
2082,hiring,17,True
2083,company,12,True
2087,system,8,True
2091,nigerian,16,True
2092,refugees,41,True
2093,repatriated,11,True
2094,cameroon,13,True
2095,forget,9,True
2106,hill,7,True
2110,alive,11,True
2112,military,52,True
2113,fighting,12,True
2121,news,196,True
2125,deluged,27,True
2143,taken,19,True
2149,triple,8,True
2152,black,68,True
2153,antioch,10,True
2158,massive,8,True
2161,taiwan,14,True
2168,except,8,True
2169,album,14,True
2171,actually,28,True
2173,migrants,38,True
2181,cancer,10,True
2190,government,31,True
2202,weird,10,True
2203,wants,15,True
2204,wreckage,39,True
2205,conclusively,23,True
2206,malaysia,48,True
2212,epic,7,True
2214,drive,19,True
2216,green,18,True
2219,kick,9,True
2223,small,14,True
2226,bang,36,True
2228,start,29,True
2233,flight,18,True
2234,reunion,32,True
2236,cannot,11,True
2253,town,21,True
2254,salem,7,True
2260,jackson,7,True
2262,anthrax,20,True
2266,couple,19,True
2269,causing,12,True
2277,level,20,True
2287,friends,20,True
2289,british,18,True
2291,hilarious,8,True
2292,moments,7,True
2295,tried,15,True
2301,happening,12,True
2302,indeed,9,True
2304,anti,9,True
2305,collision,40,True
2307,technology,11,True
2320,full,93,True
2323,screen,9,True
2329,wrong,22,True
2343,created,7,True
2344,reactor,27,True
2346,cook,9,True
2354,catastrophic,34,True
2359,shooting,29,True
2366,character,9,True
2368,miss,16,True
2386,hour,15,True
2394,feat,12,True
2407,homes,60,True
2417,southern,7,True
2420,youth,16,True
2421,camp,17,True
2424,wildfire,71,True
2426,anyone,24,True
2434,scary,7,True
2438,research,15,True
2440,madhya,11,True
2441,pradesh,11,True
2442,derailment,35,True
2443,saved,15,True
2444,lives,30,True
2453,iran,36,True
2465,needed,7,True
2466,spent,8,True
2467,minutes,11,True
2480,million,12,True
2483,seeks,10,True
2485,seismic,28,True
2494,large,19,True
2497,careful,7,True
2498,season,14,True
2501,quarantined,36,True
2503,kills,35,True
2508,roads,8,True
2511,lake,14,True
2516,owner,11,True
2517,charged,21,True
2522,fort,7,True
2524,weather,52,True
2525,cramer,7,True
2526,words,28,True
2527,stock,35,True
2530,front,18,True
2536,building,30,True
2537,perfect,10,True
2544,cars,21,True
2545,official,19,True
2548,burns,8,True
2551,girls,14,True
2558,shall,10,True
2562,beat,13,True
2566,anything,25,True
2574,fuel,7,True
2577,online,23,True
2599,walking,13,True
2615,common,10,True
2616,pain,19,True
2622,direction,14,True
2632,east,21,True
2634,arrested,15,True
2641,smaug,12,True
2647,dropped,8,True
2651,related,12,True
2652,outlook,9,True
2656,break,16,True
2660,maintenance,7,True
2669,city,64,True
2672,version,11,True
2679,gunman,13,True
2683,california,120,True
2684,safe,7,True
2687,given,7,True
2689,play,27,True
2690,victim,13,True
2691,updated,7,True
2697,warning,45,True
2699,stuff,11,True
2701,soudelor,26,True
2706,told,16,True
2707,drinking,8,True
2708,water,63,True
2714,order,26,True
2717,half,33,True
2718,rains,8,True
2723,wildfires,10,True
2724,evacuation,46,True
2725,orders,11,True
2726,hawaii,8,True
2732,afternoon,8,True
2735,wake,28,True
2738,amid,23,True
2747,takes,17,True
2751,magic,7,True
2752,fine,10,True
2759,ocean,10,True
2760,japan,59,True
2762,pics,10,True
2763,bigger,25,True
2764,playing,19,True
2767,final,8,True
2769,place,25,True
2770,living,13,True
2778,cable,12,True
2780,destroys,11,True
2781,houses,19,True
2783,state,51,True
2785,else,19,True
2790,damaged,9,True
2791,wonder,17,True
2800,next,51,True
2808,wanted,19,True
2817,ancient,17,True
2818,mayan,8,True
2820,temple,19,True
2825,career,14,True
2828,industry,12,True
2832,respond,7,True
2841,liked,44,True
2845,wired,8,True
2847,reddit,64,True
2848,quarantine,37,True
2849,offensive,26,True
2854,trust,18,True
2856,ones,10,True
2858,metal,13,True
2860,knew,8,True
2861,happen,13,True
2863,traffic,29,True
2869,plus,8,True
2870,behind,17,True
2877,service,38,True
2886,shift,15,True
2891,suspected,13,True
2895,closed,19,True
2903,hands,8,True
2904,cold,14,True
2908,falling,16,True
2914,driver,17,True
2918,stone,7,True
2932,security,31,True
2933,site,27,True
2935,turkish,13,True
2936,soldiers,10,True
2943,happened,19,True
2955,devastation,37,True
2963,seems,10,True
2970,talking,10,True
2975,using,13,True
2986,thinking,15,True
2988,ahead,15,True
2989,mine,13,True
2994,soundcloud,7,True
3007,calling,8,True
3013,floor,8,True
3022,veterans,7,True
3044,apparently,8,True
3045,part,34,True
3047,interview,7,True
3053,calls,11,True
3056,opens,9,True
3057,york,16,True
3064,broke,13,True
3065,street,24,True
3068,usatoday,11,True
3071,safety,15,True
3072,responders,31,True
3074,salt,13,True
3091,children,26,True
3093,governor,14,True
3094,allows,12,True
3095,parole,16,True
3096,hijacker,34,True
3099,petition,15,True
3103,style,9,True
3118,light,35,True
3120,bought,8,True
3122,china,42,True
3123,sent,13,True
3128,burst,7,True
3133,allah,8,True
3145,richmond,12,True
3146,killed,99,True
3154,passing,7,True
3157,info,18,True
3158,goes,31,True
3161,satellite,8,True
3170,question,10,True
3178,extreme,10,True
3180,boat,35,True
3181,capsizes,8,True
3182,libya,17,True
3185,build,10,True
3195,spot,22,True
3200,iraq,9,True
3201,syria,7,True
3206,united,20,True
3207,states,12,True
3217,radio,19,True
3223,word,10,True
3228,early,17,True
3241,helping,12,True
3242,avoid,10,True
3246,episode,12,True
3247,hurts,7,True
3251,exactly,7,True
3264,series,16,True
3272,israel,18,True
3276,felt,13,True
3277,move,22,True
3282,class,21,True
3295,watched,8,True
3297,though,23,True
3306,rescuers,36,True
3329,cost,9,True
3330,displaced,33,True
3331,asking,7,True
3332,friend,18,True
3343,crisis,22,True
3349,program,11,True
3358,easy,8,True
3359,paul,12,True
3364,georgia,7,True
3366,swallows,7,True
3382,teen,14,True
3383,among,11,True
3385,angry,20,True
3391,nature,8,True
3392,plans,26,True
3393,send,32,True
3395,grows,10,True
3396,acres,8,True
3398,risk,16,True
3399,shower,8,True
3402,india,31,True
3403,trains,22,True
3404,killing,12,True
3406,route,10,True
3418,jobs,21,True
3419,event,12,True
3447,seattle,10,True
3449,portland,8,True
3466,vine,7,True
3471,concerned,8,True
3482,lose,10,True
3499,cinema,8,True
3501,hero,13,True
3502,review,9,True
3505,sister,9,True
3508,latest,60,True
3516,moved,8,True
3521,storms,7,True
3523,meat,9,True
3527,hijacking,32,True
3545,course,21,True
3549,minute,32,True
3551,experience,8,True
3552,trying,27,True
3561,pakistan,25,True
3562,nine,8,True
3565,park,17,True
3574,washington,14,True
3577,climate,18,True
3579,completely,9,True
3582,terrorists,9,True
3583,spos,9,True
3585,videos,9,True
3592,headed,8,True
3608,david,9,True
3617,main,10,True
3620,link,20,True
3653,township,8,True
3655,winds,14,True
3676,palestinian,11,True
3680,faan,8,True
3681,abandoned,10,True
3682,aircraft,25,True
3697,hobbit,9,True
3701,practice,9,True
3704,five,13,True
3707,learning,8,True
3708,legacy,9,True
3709,eruption,7,True
3716,short,12,True
3724,animal,12,True
3725,pressure,9,True
3726,roof,7,True
3729,months,12,True
3738,business,25,True
3739,meeting,9,True
3745,severe,47,True
3746,rare,8,True
3753,expect,14,True
3756,data,25,True
3757,yesterday,9,True
3770,wife,13,True
3774,read,64,True
3776,account,13,True
3785,miles,7,True
3791,problem,15,True
3803,anniversary,34,True
3810,tank,7,True
3817,image,22,True
3833,issued,19,True
3834,oklahoma,13,True
3835,horrible,33,True
3840,original,9,True
3845,municipal,10,True
3850,dangerous,9,True
3851,downtown,18,True
3852,phoenix,12,True
3854,download,17,True
3859,writing,7,True
3860,computers,20,True
3862,block,10,True
3864,sometimes,13,True
3865,means,15,True
3869,canaanites,7,True
3872,mediterranean,7,True
3873,shame,8,True
3899,county,38,True
3900,seat,8,True
3903,within,7,True
3904,civilians,8,True
3908,star,20,True
3916,tension,11,True
3917,bayelsa,16,True
3918,patience,17,True
3919,jonathan,14,True
3920,hijack,27,True
3921,followers,8,True
3936,somalia,7,True
3942,saying,13,True
3945,money,24,True
3967,market,32,True
3969,florida,9,True
3976,huge,21,True
3988,disease,16,True
4002,reasons,11,True
4008,response,13,True
4011,replace,8,True
4017,officials,31,True
4018,alabama,14,True
4019,possible,32,True
4021,firefighters,14,True
4028,australia,21,True
4030,earth,15,True
4034,hello,11,True
4049,cheese,7,True
4100,price,7,True
4104,human,18,True
4105,history,26,True
4111,roosevelt,10,True
4124,isis,33,True
4125,claims,16,True
4130,budget,9,True
4131,agree,13,True
4150,grow,8,True
4155,prepare,14,True
4177,tech,7,True
4189,crews,23,True
4191,northern,61,True
4214,thunderstorms,9,True
4219,ûªve,10,True
4228,shoes,7,True
4231,patient,7,True
4233,ebola,16,True
4263,points,8,True
4282,okwx,7,True
4291,foxnews,10,True
4297,students,12,True
4300,stupid,8,True
4304,leather,22,True
4312,former,17,True
4315,razed,32,True
4317,shows,16,True
4318,landing,17,True
4330,pray,16,True
4331,coast,15,True
4332,sismo,10,True
4344,door,12,True
4362,stand,23,True
4364,ended,7,True
4369,trfc,9,True
4372,away,38,True
4377,internet,14,True
4388,greatest,8,True
4393,toddler,11,True
4397,moon,7,True
4398,cross,53,True
4402,apartment,7,True
4421,investigators,37,True
4440,visit,7,True
4441,fell,7,True
4457,actions,8,True
4458,ferguson,10,True
4470,detonation,31,True
4487,motorcyclist,9,True
4492,bridge,39,True
4493,central,14,True
4494,mexico,7,True
4498,outbreak,40,True
4505,manchester,9,True
4523,signed,10,True
4525,single,12,True
4532,posts,8,True
4534,animalrescue,7,True
4540,began,8,True
4547,vietnam,7,True
4560,incident,11,True
4563,exit,7,True
4564,silver,14,True
4565,spring,11,True
4585,picking,18,True
4593,theater,17,True
4598,tweets,8,True
4599,later,12,True
4600,sees,7,True
4619,sadly,8,True
4634,awful,7,True
4635,view,19,True
4638,entire,20,True
4643,debate,8,True
4650,gems,17,True
4658,situation,9,True
4659,wind,42,True
4681,iger,7,True
4682,disney,16,True
4685,buses,11,True
4707,troops,7,True
4720,north,26,True
4725,concert,8,True
4727,warnings,8,True
4750,lies,14,True
4779,forced,8,True
4786,action,19,True
4797,chicago,19,True
4802,advisory,8,True
4803,august,37,True
4807,added,17,True
4808,playlist,15,True
4820,point,16,True
4821,hundreds,32,True
4822,feared,22,True
4823,migrant,7,True
4833,financial,13,True
4873,banned,21,True
4884,track,7,True
4892,highway,9,True
4898,radiation,11,True
4902,lots,10,True
4914,asked,9,True
4917,stories,12,True
4927,mountain,14,True
4947,flag,21,True
4959,ashes,12,True
4960,match,12,True
4961,congress,7,True
4979,western,12,True
4982,photos,25,True
4992,legionnaires,59,True
4998,stopped,9,True
4999,carrying,11,True
5019,hunters,7,True
5021,chief,11,True
5032,recount,14,True
5033,horror,24,True
5049,civilian,10,True
5051,fedex,34,True
5053,bioterror,33,True
5054,pathogens,10,True
5059,transport,24,True
5060,germs,18,True
5064,passengers,12,True
5065,board,12,True
5068,parley,8,True
5072,pilot,14,True
5077,answer,13,True
5111,giant,21,True
5112,cranes,12,True
5113,holding,16,True
5114,nearby,27,True
5143,islamic,14,True
5145,threatens,7,True
5164,experts,16,True
5165,confirms,9,True
5169,russian,21,True
5171,hobo,10,True
5198,photography,7,True
5204,fukushima,21,True
5208,england,9,True
5210,care,31,True
5216,either,10,True
5234,four,17,True
5240,bank,7,True
5243,malaysian,8,True
5246,trees,10,True
5247,escape,17,True
5253,totally,19,True
5260,caused,33,True
5261,metro,12,True
5285,comment,13,True
5286,rules,16,True
5287,changes,11,True
5288,insurer,9,True
5317,sale,8,True
5318,cops,10,True
5330,coaches,18,True
5359,mean,14,True
5363,field,7,True
5383,refugio,22,True
5384,costlier,22,True
5385,projected,24,True
5412,updates,11,True
5427,earlier,11,True
5445,talk,20,True
5447,minister,7,True
5462,pass,12,True
5477,leading,9,True
5478,services,45,True
5491,brazil,7,True
5498,bicyclist,8,True
5499,denver,13,True
5500,broadway,7,True
5504,feed,8,True
5523,lane,8,True
5525,july,7,True
5541,sport,7,True
5547,force,13,True
5548,thousands,19,True
5553,delivers,14,True
5560,trump,12,True
5561,general,13,True
5568,reuters,24,True
5589,missed,7,True
5603,waste,7,True
5624,wall,14,True
5626,dance,12,True
5629,effect,23,True
5643,economic,9,True
5651,tram,9,True
5653,powerlines,7,True
5656,mill,7,True
5680,insurance,18,True
5689,thursday,17,True
5692,enugu,13,True
5694,crematoria,15,True
5695,provoke,14,True
5702,join,13,True
5726,loving,15,True
5731,amazing,8,True
5758,worldnews,12,True
5763,twelve,14,True
5764,pakistani,16,True
5774,israeli,28,True
5776,gaza,7,True
5779,victims,14,True
5780,families,86,True
5786,store,7,True
5795,covered,7,True
5806,deadly,9,True
5809,ladies,19,True
5820,lead,9,True
5833,wwii,10,True
5843,remove,10,True
5854,toilet,7,True
5855,russia,17,True
5885,lifted,7,True
5898,alaska,8,True
5903,computer,7,True
5914,desires,7,True
5916,beyonce,9,True
5917,pick,24,True
5919,beyhive,8,True
5926,gold,13,True
5934,loss,7,True
5947,workers,8,True
5956,used,30,True
5961,vote,12,True
5972,forecast,9,True
6004,simple,8,True
6027,local,12,True
6030,swallowed,26,True
6039,units,9,True
6045,forces,8,True
6060,understand,10,True
6073,ships,11,True
6079,none,10,True
6110,tree,16,True
6155,audio,7,True
6157,share,16,True
6195,training,12,True
6196,tracks,11,True
6213,secrets,9,True
6220,facebook,8,True
6222,affected,32,True
6240,politics,10,True
6254,militants,16,True
6257,wont,9,True
6267,italian,7,True
6295,piece,14,True
6325,worth,11,True
6336,vehicle,21,True
6341,planned,14,True
6344,dozens,7,True
6359,quiz,18,True
6364,feminists,7,True
6370,captures,11,True
6391,bathroom,8,True
6403,airport,30,True
6428,alarm,19,True
6439,exchange,7,True
6451,support,27,True
6494,window,8,True
6498,stealing,7,True
6506,mention,7,True
6517,tcot,7,True
6538,blocked,11,True
6552,tropical,8,True
6558,international,13,True
6600,saturday,8,True
6632,total,12,True
6637,bear,7,True
6638,saving,10,True
6650,continue,9,True
6687,discovered,7,True
6695,brought,10,True
6707,calm,9,True
6714,philippines,13,True
6715,protect,7,True
6719,arabia,7,True
6730,false,11,True
6735,residents,8,True
6736,return,9,True
6740,worse,15,True
6793,repair,8,True
6806,sense,13,True
6819,community,9,True
6880,public,19,True
6911,minecraft,7,True
6915,player,8,True
6933,known,7,True
6937,film,18,True
6971,govt,14,True
6996,late,10,True
7004,afghanistan,10,True
7020,church,9,True
7028,ignition,20,True
7029,knock,21,True
7030,sensor,22,True
7049,mumbai,8,True
7052,truth,19,True
7059,rail,8,True
7096,costs,8,True
7097,less,11,True
7128,information,14,True
7135,recovery,7,True
7171,kindle,9,True
7204,areas,10,True
7212,members,15,True
7227,centre,19,True
7248,fantasy,9,True
7256,festival,7,True
7269,size,7,True
7290,shut,9,True
7298,dark,10,True
7347,quick,7,True
7350,upset,8,True
7370,companies,8,True
7371,shares,8,True
7411,equipment,9,True
7428,involving,13,True
7432,instead,18,True
7476,directioners,9,True
7485,global,18,True
7536,search,12,True
7538,investigating,14,True
7626,france,16,True
7630,reports,18,True
7646,killer,8,True
7652,based,12,True
7658,matter,10,True
7659,mishaps,19,True
7680,evil,7,True
7684,crackdown,7,True
7724,rocks,7,True
7739,results,7,True
7769,moving,11,True
7805,illegal,8,True
7810,airlines,13,True
7829,articles,9,True
7845,several,7,True
7851,open,14,True
7863,prime,7,True
7882,nagasaki,18,True
7886,putin,8,True
7925,cruz,10,True
7936,womens,18,True
7939,shoulder,30,True
7940,handbags,10,True
7965,firefighter,9,True
7986,senso,12,True
8001,appears,19,True
8013,detonated,26,True
8014,turkey,28,True
8015,trench,23,True
8080,virgin,18,True
8081,galactic,17,True
8090,leaving,11,True
8136,searching,21,True
8187,begin,11,True
8195,occurred,14,True
8260,estimate,7,True
8300,science,9,True
8318,fish,7,True
8330,abstorm,9,True
8410,freakiest,7,True
8411,accidents,9,True
8412,indian,14,True
8413,express,11,True
8489,issue,10,True
8491,tickets,8,True
8492,ebay,33,True
8503,islam,19,True
8567,automatic,7,True
8569,choice,7,True
8570,compliant,7,True
8613,strong,14,True
8711,percent,9,True
8766,businesses,15,True
8769,learn,19,True
8783,opening,9,True
8785,nursing,8,True
8788,irandeal,9,True
8794,relatives,7,True
8845,notices,7,True
8871,conference,8,True
8876,german,7,True
8894,onto,8,True
8949,loose,8,True
8955,trent,10,True
8979,horse,13,True
9007,fleets,9,True
9008,totaling,9,True
9094,hospital,11,True
9112,preparedness,9,True
9140,guardian,8,True
9169,attention,7,True
9183,annual,7,True
9224,department,15,True
9308,fears,11,True
9325,linkury,7,True
9326,browser,8,True
9363,population,12,True
9396,including,8,True
9466,tote,15,True
9480,millions,12,True
9532,special,11,True
9538,vuitton,7,True
9643,books,10,True
9657,effects,12,True
9671,access,8,True
9675,operation,7,True
9747,incredible,7,True
9756,extremely,10,True
9826,usgs,10,True
9837,parenthood,8,True
9850,christian,19,True
9871,justice,8,True
9897,laden,9,True
9940,travel,14,True
9947,according,10,True
9956,mount,18,True
9993,fans,15,True
9994,stadium,12,True
10001,syrian,11,True
10005,pile,11,True
10033,pamela,16,True
10043,likely,16,True
10086,bombings,8,True
10255,guide,12,True
10302,policy,28,True
10454,giving,10,True
10484,subreddits,17,True
10588,glass,11,True
10720,relief,9,True
10753,sports,9,True
10793,runway,7,True
10803,struck,7,True
10881,spaceship,10,True
10884,powerful,7,True
11176,remains,7,True
11284,region,10,True
11341,president,13,True
11357,avoiding,8,True
11358,microlight,7,True
11372,funtenna,17,True
11374,prebreak,30,True
11388,political,7,True
11440,humanity,9,True
11447,japanese,15,True
11513,quran,7,True
11544,faux,13,True
11706,limited,9,True
11803,proof,8,True
11931,waving,15,True
11932,geller,15,True
12106,blog,8,True
12145,quickly,9,True
12637,picked,7,True
12681,colour,10,True
12796,specially,12,True
12797,modified,11,True
13033,officers,8,True
13064,republicans,7,True
13068,democracy,7,True
13083,shelter,7,True
13099,steve,8,True
13177,bombs,16,True
13312,ridge,8,True
13315,worked,7,True
13467,handbag,15,True
13468,purse,12,True
13669,create,9,True
14019,french,9,True
14028,unconfirmed,16,True
14029,neighbour,16,True
14187,invoices,8,True
14188,shape,13,True
15551,heavenly,8,True
15668,struggles,12,True
15669,wrought,13,True
15763,signs,21,True
15764,declaration,17,True
15765,marians,14,True
15799,examining,8,True
16061,disea,19,True
16169,mediterran,8,True
16750,ûïwhen,12,True
16751,plunging,12,True
17232,tonto,8,True
17930,cree,15,True
18026,curved,7,True
18027,offroad,13,True
