index,frequency
eggs,3
fruits,2
legit,4
attraction,2
emotions,5
surgery,2
anxiety,3
reap,4
girlfriend,6
pasta,2
puncture,2
hating,3
wonderful,5
memphis,3
bless,4
local_arsonist,4
lmfao,5
casper_rmg,2
dick,4
hype,3
didnt,6
ridiculous,4
passenger,6
mentions,6
thee,2
striker,2
cakes,4
whatever,3
tsunami_esh,2
darkness,3
hurricane_dolce,2
lonewolffur,4
swear,3
riyadh,2
stomach,3
happily,2
mood,6
yankees,2
remorse,2
hardly,2
zayn,3
emotionally,5
predict,4
butt,3
holland,4
vida,2
wilshere,2
disappearance,3
boxing,2
metrofmtalk,3
stats,3
cancelled,2
twin,4
kindly,2
snowball,2
cloud,4
pull,5
frog,3
bowl,5
diamond,5
familia,2
zouma,4
trucks,3
5sos,3
aunt,2
sexy,3
feelings,4
thirst,2
alexbelloli,2
stans,2
xbox,6
fighters,5
sunset,6
mikeparractor,6
changing,2
smooth,2
uribe,4
houston,4
aggressive,2
omfg,4
lightening,4
mama,4
grande,2
cotton,4
candy,3
luis,3
9000,2
personal,5
hottest,2
karma,2
favor,2
allegations,2
absolute,2
mall,4
jumper,2
languages,3
shoot,3
weak,4
shaped,2
ears,3
ouvindo,2
status,5
buying,3
fantastic,5
amirite,3
snapchat,3
awareness,2
factory,4
december,3
nostalgia,2
greedy,2
fail,6
goals,4
weathernetwork,3
microphone,2
slowly,3
host,4
recover,4
manutd,2
slicker,2
aware,5
tryna,6
sorrows,2
victory,5
lighting,3
letting,4
blizzard_draco,3
temptation,2
fatality_us,2
trunk,2
bride,5
gives,3
twins,4
pitcher,2
bago,2
bounds,2
parking,4
ultimate,6
noticed,3
bars,3
rapper,2
spirits,3
wash,6
bluejays,6
assholes,2
hillary,3
decent,2
judge,5
insomnia,2
grrrr,2
originalfunko,2
spencers,2
buddys,3
mansehra,5
jays,3
dutch,5
thirsty,2
yall,5
jets,2
smell,3
bakeofffriends,2
european,2
jones94kyle,2
sake,2
wins,6
architect,2
fill,5
romance,5
option,5
nuff,2
sets,4
taste,5
derby,4
grove,3
senior,6
awkward,2
mariah,2
cleveland,4
debt,6
costly,2
nose,5
exhausted,2
smithsonian,5
feast,3
soooo,2
askcharley,2
darude,5
averted,6
ultimalucha,3
silence,4
camilacabello97,2
hutch,2
kerry,2
selfie,4
bears,4
weed,5
bitches,5
cabin,3
nope,3
officially,6
whoa,2
pity,2
davidvonderhaar,3
lemon,2
pepper,5
justin,2
bieber,2
mail,6
bored,4
laughing,5
rays,2
awaits,2
demons,2
swim,6
concluded,2
liable,2
joining,3
flew,5
risks,2
niagara,2
deals,6
inning,3
walls,3
liberal,2
timeline,3
breathe,3
lungs,5
passed,4
childhood,4
juice,2
kind,4
douchebag,2
bubble,2
trick,2
nasty,4
asshole,3
freeway,2
whats,4
cracking,2
garbage,3
barry,2
madison,3
quarter,3
royals,2
taylor,3
slip,3
abcnews,4
mother,5
quote,6
faith,4
cream,6
cupcake,4
waking,2
forgotten,4
cunts,3
piner,2
horndale,2
cash,3
register,5
barely,3
solo,2
controllers,2
dorret,6
asleep,4
private,4
roll,5
pizza,3
worried,5
hopes,2
thick,3
shoulders,3
transit,4
mess,5
split,3
thats,5
maker,2
begins,5
activated,5
card,6
helps,3
domestic,3
eden,4
hockey,2
alberta,5
idiot,3
aftershock_delo,2
scuf,2
forgot,4
experienced,3
waist,2
minhazmerchant,2
september,6
skin,6
forgiven,3
regret,3
chonce,2
article,6
distance,6
threats,4
cheap,2
sweat,3
caution,4
breathing,2
bright,2
advice,2
newest,6
subs,5
announcement,4
vods,2
bells,6
chevy,3
server,2
cleared,5
hamilton,3
knowing,3
rights,6
lethal,5
charging,6
hitting,4
nick,2
williams,5
looked,6
sweet,6
fitness,3
solution,5
excited,4
outta,3
dirt,4
bike,4
jacket,2
responsible,5
chocolate,5
generation,6
fired,5
afraid,5
soft,2
background,3
heal,3
1000,5
born,4
success,4
permanent,3
drugs,4
mega,4
arrest,3
affiliation,2
thru,4
youngheroesid,5
pantherattack,5
batting,2
plate,5
arsenal,6
jesus,6
dealing,2
adult,6
nobody,5
charles,4
somehow,6
sicily,6
italy,6
correction,5
chill,4
indoors,2
alot,2
neighborhood,3
impending,2
todd,4
monster,3
catches,3
fair,5
rexyy,4
invalid,5
towel,6
interested,4
bill,3
clinton,5
nato,2
sean,5
ryan,3
christ,3
rick,2
tries,3
cord,4
activity,5
possibility,2
megadeth,2
symphony,3
jones,2
weeks,6
notice,4
telly,2
cast,4
inec,2
abia,2
gamergate,3
taco,3
stunned,2
favourite,3
blamed,6
plague,6
singing,5
shitty,3
wholesale,4
rifles,2
tuning,2
diamorfiend,2
moves,5
midget,2
respect,6
witter,3
dignity,2
multi,4
agents,3
section,4
diarrhea,2
titan,3
2016,2
stands,4
smiling,2
joel,3
acts,5
depressing,2
meets,2
finding,2
customers,2
christie,3
telling,5
legs,2
putting,5
cain,3
beer,4
austin,2
windy,2
holmgren,2
describing,3
meaning,3
alright,4
wicked,4
speaker,4
deck,4
grazed,4
legion,3
returned,4
cute,6
dinner,4
sing,6
nbcnews,3
spanish,5
1600,2
kyle,4
seem,3
burnt,3
hahah,2
wayne,3
charlie,5
systems,3
purple,5
thegame,2
moth,4
purchase,3
boss,5
touch,6
fuckin,3
mountains,5
blake,4
charges,3
sink,3
tuned,4
changed,4
neil,2
troy,2
sharing,2
cousin,5
silent,3
factors,3
consider,6
legal,5
wowo,2
sore,2
woods,2
slammed,2
alerts,2
glimpses,2
hyderabad,2
rainfall,3
haunting,4
drawn,5
shout,2
recipes,4
c4news,2
harper,4
heads,6
toward,5
catfish,2
retweeted,2
notifications,3
idol,2
arrive,6
pertains,2
impressive,2
surprised,5
shutdown,2
clear,5
grenades,2
thuggin,2
favs,2
scare,2
wear,3
finish,3
irony,2
awwww,2
walter,2
accidentally,6
mate,3
shirt,4
icymi,3
cdcgov,2
coursing,2
weyrey_gidi,2
maria,5
robert,4
johns,2
bake,5
orange,5
peanut,5
butter,6
rear,6
george,6
tita,2
bowling,3
ante,2
degrees,5
drum,3
stick,3
blessed,6
conversation,3
beard,3
whatsapp,2
thousand,4
whales,3
custom,2
shizune,2
bell,4
bound,4
civilization,2
bean,2
parade,2
pllolz,2
greatbritishbakeoff,2
throat,2
trek,2
sympathy,3
busy,2
finishing,3
designs,4
various,2
tennessee,5
calum5sos,3
links,4
trailer,6
reno,4
drove,5
suddenly,3
electricity,2
tyre,3
camping,3
foul,3
lifting,3
calories,6
loseit,2
sweater,2
ûïstretcher,2
demi,3
sold,2
agency,2
comments,5
permits,2
boxer,4
brief,2
users,6
cyclists,3
dallas,4
watertown,2
5000,4
ring,4
victoria,2
happiness,3
zionism,3
opposite,4
innovation,2
gadgets,3
deliver,3
chills,2
tanks,2
monkey,2
attempt,3
supports,3
gang,6
typos,2
threw,3
chicken,3
sisters,3
cooler,3
milkshake,3
everyday,6
ipod,2
falcon,5
looting,5
iphone,6
charger,3
alleged,6
serial,5
programme,2
expecting,4
drug,5
spirit,5
ticket,3
sticks,2
bones,3
devil,2
guard,4
lyrics,2
wide,3
julie,3
workplace,3
hatchet,5
wielding,2
spray,2
fake,6
insane,6
dare,5
windows,5
error,5
gorgeous,2
duck,2
boot,4
seemed,3
receive,2
gawx,2
revolution,4
britons,2
himalaya,2
belly,3
button,6
stays,3
stuart,5
broad,6
eight,3
aussies,3
shaking,3
hack,2
planet,6
cannon,2
ride,4
michael5sos,4
yobe,5
messed,2
surprise,6
kanye,2
sampling,3
paper,5
meekmill,2
exposed,2
authorities,6
cancel,4
metlife,2
quoted,2
dopey,2
summerfate,5
safer,4
violence,6
blueprint,2
chris,3
grace,5
1061thetwister,2
calif,6
sigalert,2
trash,2
lauren,3
soak,3
warm,3
slides,2
especially,6
contemplating,3
patrick,5
carry,6
euro,4
chick,2
chewing,3
ethiopian,2
valley,6
penn,2
loses,3
kurd,2
lonely,4
lunch,5
pmarca,2
network,4
fees,2
realized,5
glasses,2
hearthstone,2
thoughts,6
declared,3
quarters,2
junk,2
robot_rainstorm,3
sort,4
soccer,3
proceeds,3
offensiveåêcontent,3
smoking,5
moore,2
swimming,5
stressful,3
neither,4
goku,2
stab,4
promise,5
butterfinger,2
ironically,2
richard,4
returns,3
smash,4
vault,2
cruise,2
instagram,5
jams,2
female,6
pitch,4
thinks,3
schwarber,2
pieces,4
spider,5
chest,5
committed,2
author,4
michele,2
clearly,5
wine,2
damaging,3
random,3
hole,5
healing,3
wire,4
write,6
poem,2
student,6
campus,5
palermo,2
shipwreck,3
anyways,2
unlocked,6
emails,2
rapping,2
anna,3
deeds,2
forgive,2
skies,3
descriptions,2
cats,4
exciting,2
closures,3
bullseye,2
bb17,5
mental,5
tests,3
paint,3
losing,5
conflict,5
glorious,3
triggered,6
technique,2
nytimes,6
lately,3
hoping,3
buffalo,6
rappers,2
whale,2
screamqueens,2
katherine,2
prayers,3
heroin,2
strange,5
heroes,6
brave,3
hearts,5
handle,2
master,2
raining,4
cards,2
tgirl,2
coworker,2
finds,4
pres,6
fairy,2
desire,5
sexual,5
shook,3
nails,2
dublin,4
stressed,3
alcohol,4
fart,2
sydney,5
step,4
addiction,2
scorpions,2
closes,3
pond,4
ovofest,2
closing,3
trinity,2
unsuckdcmetro,4
pisgah,3
springs,5
active,5
follower,2
resources,3
maximum,6
band,3
thighs,2
tide,3
battleship,3
despair,2
queen,6
wolf,2
angels,3
rossum,2
eventually,4
blunt,2
excuse,2
peeps,3
2010,3
streaming,3
precious,2
cargo,3
choking,4
lone,3
audience,3
mins,3
alarms,3
numbers,5
protecting,2
ruined,3
pounded,2
predator,2
murderous,6
willian,2
easily,5
apollobrown,3
listenlive,3
deputies,4
brighton,2
loves,5
collection,6
path,6
adventures,3
songs,3
motor,5
grandpa,2
knees,2
buckle,4
hahahaha,2
lolol,2
idmhswewqw,2
trial,5
bargain,5
basement,3
prices,5
cutting,3
posting,3
page,6
reid,4
prompts,4
attempting,2
endangered,2
species,2
hopefully,5
blanket,3
disrupts,6
trolley,5
upgraded,2
growingupblack,2
entering,3
drivers,2
benefits,4
bethlehem,2
counter,4
library,6
hahaha,3
labour,2
regular,4
danisnotonfire,2
phil,2
rated,2
imdb,2
lions,2
roberts,3
teamstream,2
payday,2
loans,2
promote,2
venice,2
extra,5
enjoying,4
museum,5
foster,4
boston,6
dating,3
cock,4
sneak,2
humble,2
oregon,3
growth,3
katunews,2
jail,3
niece,3
hotel,6
shore,2
ashley,2
harbor,4
solve,3
empire,2
avenue,3
rice,2
fiasco,2
marked,4
hardy,3
scott,4
note,3
opera,2
senator,6
concerns,4
settlement,4
wings,6
dramatic,6
attic,2
activates,4
pendleton,2
base,4
cbsbigbrother,2
engine,4
slow,5
revealed,5
lakes,2
wannabe,2
pickup,2
artist,2
commercial,5
noah_anyname,2
impulse,2
inevitably,2
ends,6
medieval,3
earnings,3
aussie,4
latestnews,3
focus,6
careers,2
leeds,2
lower,5
league,6
ruins,2
gabon,5
upper,5
dropping,2
megynkelly,2
horrific,4
housing,5
estate,4
irish,4
independent,4
chinese,6
tampa,4
count,3
pileup,2
racing,3
shell,4
bugs,2
existence,3
tune,3
amongst,5
empty,4
communication,4
balls,2
phase,2
sarcasm,2
meter,3
breaks,3
whose,2
zero,2
bite,3
1979,2
important,2
advised,2
dope,2
recall,4
kraft,2
singles,2
fireman,3
fest,2
circle,3
posted,4
cries,3
recent,4
events,4
scwx,2
nepal,3
buried,3
prevention,2
racist,4
rises,5
becomes,5
race,4
education,5
sandiego,4
pictures,2
location,3
named,5
unique,2
responsibility,4
urgent,3
peak,2
grass,2
gates,3
nema,5
warns,6
giveaway,2
diss,4
suppose,3
realize,4
surely,3
greece,5
revenues,3
lowndes,6
residential,6
gaining,2
andrew,2
oops,5
prepares,2
anyway,5
fallacy,2
funds,5
auction,2
retro,2
negative,4
raiders,2
canvas,2
2009,4
painting,4
possibly,3
jailed,2
fate,4
rihanna,2
iranian,5
warship,5
removal,3
potentially,2
skinny,4
jeans,4
socialnews,5
cheat,2
30pm,6
reaching,4
continued,4
toxic,3
eating,4
throw,5
sewing,3
belt,3
pony,2
pancakes,2
flawless,2
freedom,5
surf,4
slide,4
spots,2
bees,4
detectado,4
japì_n,4
miyagi,2
estimated,5
intensity,6
scenes,2
lesson,2
learned,2
lover,3
bore,3
serve,2
wondering,5
shes,2
finger,3
dress,4
memes,4
approaches,6
intensifies,2
toll,6
denier,2
electric,4
cracks,2
jewish,5
rocket,4
border,5
handed,2
newyork,5
sweden,3
alex,3
facts,3
minions,2
tells,5
cyber,2
waimate,4
nightmare,2
actress,2
recap,3
po19h8ycnd,2
tutorial,4
yycstorm,3
rich,2
sacramento,2
plains,6
larger,6
believing,3
actual,5
tear,2
lego,3
roger,2
mistake,3
brady,3
innocent,4
healthy,2
marvel,4
avengers,2
startups,2
startup,3
grew,3
college,3
drama,2
cuban,3
extends,3
poverty,5
muslim,5
hieroglyphics,5
honors,5
lowly,5
inner,6
loop,4
americans,6
dame,2
reminds,6
impressed,4
arsonistmusic,2
humidity,4
replacing,4
checked,4
psychological,3
asks,2
hosting,4
fixed,3
sponge,2
washed,4
tflbusalerts,3
strict,2
liability,2
context,3
cafe,3
shelli,2
pissed,2
stewart,3
jonvoyage,2
bend,3
patna,2
enhanced,2
noise,3
bruise,2
bullet,2
rene,2
gettin,2
lifetime,3
odds,4
battling,5
scariest,2
cnbc,4
brisk,2
pace,4
myfitnesspal,2
photoshop,4
darkest,2
tale,2
murfreesboro,2
walmart,5
kurdish,4
militant,4
crew,4
korea,3
brooke,2
eastward,2
illustration,2
subway,2
animals,5
birds,4
reminder,3
sand,3
reveals,4
microsoft,4
higher,3
pulls,5
vegas,5
cities,5
sinjar,6
yazidis,4
lack,5
becoming,3
warned,5
hurt,5
midnight,2
admits,6
scheme,6
lgbt,5
fevwarrior,2
walked,3
logic,3
surface,4
protests,3
afghan,6
talks,3
doubt,5
mullah,3
omar,3
founder,6
bestseller,2
fossil,2
oneself,2
website,4
client,5
tubestrike,6
considering,5
everytime,2
monitoring,2
poland,3
finnish,6
ministers,3
fennovoima,3
blow,6
turning,3
grandeur,2
journey,2
score,4
scars,3
crack,4
wipp,2
elevated,5
levels,6
click,6
hashtag,4
techesback,2
highly,3
accounts,2
1141,3
enrt,3
beginners,3
pledge,2
allegiance,2
blacklivesmatter,2
nigeria,5
guaranteed,2
mutant,2
ankle,4
duty,6
emerges,2
regard,2
mississauga,2
ontario,3
source,4
britain,3
arts,4
advanced,2
laugh,4
theory,4
bunch,3
luka,2
alois,2
trancy,2
accused,4
agrees,2
sell,2
relationship,3
bounty,5
raid,5
boyfriend,3
clothes,5
recorded,3
celtic,2
fingers,5
crossed,6
modiministry,3
bites,2
fouseytube,2
hahahah,2
shipping,6
combined,3
backs,2
summit,2
knob,2
outage,2
transformed,2
ptsdchat,2
purchased,2
diet,5
mole,2
engineers,2
opinion,4
43rd,2
uber,3
study,5
badge,2
peacefully,2
egypt,4
croat,3
conquest,3
kiev,2
institute,2
chairman,2
vintage,4
shira,2
muzzamil,2
offr,2
explains,4
videoveranomtv,2
britney,2
spears,3
mmmmmm,2
oooooohhhh,2
oooh,2
throwback,2
increased,5
thyroid,2
announces,2
targets,4
blows,5
uses,6
actor,2
deadliest,2
runner,3
claim,5
contract,2
farm,3
fruit,6
meals,4
worries,2
scoopit,3
plants,2
pacific,6
seasons,3
selling,2
confirm,6
souls,3
punished,2
role,3
decision,5
tool,3
najib,2
dock,2
wrapped,2
coat,2
pump,5
dickheads,2
forsure,2
sooo,2
corey,2
tested,3
marketing,3
guillermo,6
meteoearth,2
mfckpvzfv8,2
frozen,3
sequel,2
sounding,2
winning,2
normal,5
movies,6
dumb,2
march,2
turns,4
mystery,5
2k15,2
dudes,3
crater,4
current,4
blames,3
villages,3
underwater,2
vision,3
responding,2
cooking,2
friggin,2
sucks,4
description,3
catching,3
railway,3
prabhu,4
calamity,4
rush,3
rest,6
stout,2
cancels,2
safely,3
derails,4
charity,4
mutual,2
radar,5
europe,4
canoe,2
applaud,2
perspectives,2
understanding,4
treat,5
dreaming,2
southbound,2
coal,2
pkwy,2
blocking,5
smiles,2
australian,5
schedule,6
physical,5
goal,5
germany,5
election,5
mercados,2
kelly,2
dreams,4
tides,2
cliffs,2
intact,3
lifts,2
glided,2
besides,3
otrametlife,4
lorries,5
usual,5
johnson,3
predicted,5
bankstown,2
stacey,3
wattle,2
swarm,3
tigers,2
affecting,3
players,4
grenade,4
impossible,4
hoes,2
universe,5
republican,5
abortion,3
genocide,6
surfers,2
responds,5
priorities,2
pair,3
talent,3
phantom,2
reportedly,5
criminals,6
tastes,3
theyre,2
illinois,3
slipped,2
load,6
welfare,3
realised,2
finished,2
virus,3
itsjustinstuart,2
range,4
ugly,6
tons,4
cell,4
tyler,2
rolls,2
steps,6
abuse,5
bath,4
nazi,2
became,5
helicopters,2
completed,2
obviously,2
dante,2
johnny,2
horses,6
floyd,6
crashes,5
kidnapped,6
tribune,4
plant,5
financing,2
secured,2
inevitable,3
internal,5
captured,4
naved,5
registered,3
documents,6
pointing,2
franklin,3
blvd,6
elkhorn,2
walerga,2
softenza,2
whomever,2
cartoon,2
imported,3
object,3
value,2
subject,6
smile,4
fatally,2
vermont,3
thoyhrhkfj,4
wvj39a3bgm,4
teslas,2
hoax,4
device,4
cope,2
halifax,3
harry,4
realdonaldtrump,4
protection,2
martinmj22,2
yougov,2
majority,4
asian,4
porn,5
pinpoint,2
sends,3
bullets,5
acoustic,2
progress,6
northeast,3
logan,2
item,2
warcraft,3
assistance,4
gain,3
fortune,2
fresno,2
solar,6
favorites,2
include,5
royal,3
wanting,4
bernardino,2
google,5
alert,5
simulate,5
shelby,3
palestine,5
sharethis,3
maps,2
btdjgwekqx,2
uniform,3
overtime,2
stuck,5
external,6
motivation,2
basic,2
objects,2
sheriff,3
1974,2
guides,2
biker,4
marin,2
tongue,6
newyorker,2
nnmqlz91o9,4
o91f3cyy0r,4
executives,6
prosecuted,6
beats,4
heights,4
shaker,2
persons,5
certified,2
certainly,4
sheeran,2
attractive,2
owners,5
flashbacks,2
kittens,2
whao,4
brunette,2
locke,3
teases,2
hybrid,3
mike,4
evacuations,3
marketforce,2
shark,3
reality,5
vegetarian,3
restaurant,3
charlotte,3
evanston,2
fucked,5
fella,2
edit,2
i405,2
hike,3
twia,5
snap,6
speak,3
selfies,4
breakingnews,4
abc7,2
i580,2
alps,5
elephant,5
concrete,2
nuke,5
decided,5
university,4
supreme,4
endorses,2
courts,3
pulling,3
warne,2
shocked,2
yahoo,3
cricket,3
fading,2
spend,4
allies,2
memory,5
spending,4
marker,3
mooresville,2
iredell,2
jacksonville,5
bands,4
memorial,5
monsoon,4
harrybecareful,3
balance,3
mercy,4
footage,4
moms,2
annoying,3
pill,2
chosen,3
santa,6
william,3
forbid,2
bedroom,4
clean,5
laundry,2
manslaughter,5
elijah,2
walker,4
fights,5
rover,2
approaching,2
vehicles,5
removed,2
yorker,4
multiple,5
hinton,3
smells,2
wocowae,2
gunfire,6
ushed,2
headquarters,2
jhpdssvhve,2
fueling,2
yemen,3
freaking,2
brewing,2
stuns,2
africans,2
appreciate,4
effort,6
journal,2
arabian,4
hella,2
vibez,2
pbban,4
temporary,5
flags,4
usagov,5
performing,2
tokyo,2
olympic,5
assembly,4
swing,3
occurs,3
sweet2young,2
neck,2
challenge,4
winner,2
formed,3
prison,6
fund,5
loan,4
environment,4
touched,2
crosses,3
arms,6
tornadoes,4
toronto,6
itunes,6
jazz,4
fran,2
square,3
kalle,3
mattson,3
details,6
proper,2
flow,2
lock,2
croatian,3
somewhere,2
escaped,2
captain,5
abbott,3
gopdebate,3
ford,3
drives,3
belongs,3
credit,3
talkradio,2
babes,2
followback,2
folk,2
kaduna,5
generalnews,2
fourth,2
administration,2
adam,2
yonews,2
expert,4
trend,3
reject,2
laws,5
nations,3
correct,2
crashing,4
2008,3
cryptic,3
guided,3
pilots,6
mission,6
sandy,2
comparison,3
nation,5
swiss,3
injures,3
refused,3
bail,2
condemnation,2
dryer,2
landscape,2
paints,2
nasa,4
announced,2
luck,6
mentally,2
form,2
njenga,2
razing,2
forex,2
trading,2
speed,4
norman,2
initial,3
diff,2
generally,4
autoinsurance,2
clueless,2
ydetwgribk,2
acid,3
cleric,2
hurricanes,2
names,2
answers,4
senate,4
follows,4
damages,5
winston,4
conditions,6
hoped,2
surge,3
demon,2
presence,2
growing,2
stronger,2
1945,6
vanessa,2
trillion,2
dollar,6
screenshots,4
combat,4
magnum,4
opus,4
plenty,2
championship,2
paved,2
notexplained,2
infamous,2
cooper,2
jlzk2hdetg,2
asap,5
resulted,4
perquisite,2
recalls,4
battery,4
packs,5
guilty,3
witness,2
bills,2
hunger,3
function,2
zones,2
til_now,3
despite,4
crippling,2
defend,4
10th,5
cole,2
hills,5
older,3
15pm,3
clock,2
warfighting,4
robots,4
sewer,2
blasts,3
karachi,4
donå,2
boom,3
element,2
mirage,3
7hanpcr5rk,2
rome,5
rudd,2
flying,5
average,4
voter,3
circus,2
360wisenews,4
rooms,2
outlet,2
dealbreaker,2
abandon,3
electrical,5
technologies,2
humans,5
environmental,3
goat,2
premature,3
satan,3
temperature,2
fifth,5
exercised,2
kept,6
rising,6
goodbye,2
wood,4
often,5
thriller,5
placed,2
talkin,2
unknown,3
worldnetdaily,4
starter,4
marquei,2
como,2
visto,2
thrones,2
kissed,2
bancodeseries,2
leak,2
saint,2
votejkt48id,3
attacking,4
station,4
naked,2
cigarette,4
intersection,2
throughout,2
trap,5
remix,2
otherwise,4
desert,3
grief,6
patched,3
exploit,3
closest,2
structure,5
horrors,3
servers,4
circuit,3
tumblr,2
whether,5
construction,3
acted,2
images,5
sustainability,2
uploading,2
types,2
forbes,4
cheryl,2
obsessed,2
raì¼l,2
condolence,2
newbie,2
playoffs,4
tahoe,3
grab,4
lessons,3
gained,6
leaves,5
poplar,2
tumbling,2
wrapup,3
disappoints,3
agreed,5
cedcugeuws,3
vampiro,3
method,4
kuwait,3
claimed,2
retract,2
wordpressdotcom,2
term,4
jordan,4
meme,3
headphones,4
cycling,3
bother,3
doug,2
stocks,2
nail,3
thin,4
skirt,3
rockbottomradfm,2
challenges,2
tough,6
shanghai,4
06jst,2
6aug,4
excitement,2
cave,4
diving,6
dual,3
vulnerable,5
individuals,4
user,5
lasting,3
type,6
gameplay,4
rolling,5
contain,2
bobcats,2
backyards,2
instant,3
blonde,2
portion,3
kosciusko,2
pedestrian,3
evolve,2
retail,3
strategy,6
utter,4
written,5
dragon,6
gods,4
rotten,2
tomatoes,2
swansea,3
plot,6
transfer,2
southampton,3
virgil,2
dijk,2
minor,4
facing,2
reopening,3
files,3
tryouts,2
15th,2
tryout,2
zaynmalik,2
1965,2
recognize,5
certificate,2
horizon,2
phones,4
brick,2
sparks,4
boise,2
warships,3
repay,2
tattoo,2
allowed,5
donate,3
careless,2
campfire,2
penalty,2
dolphin,2
beginning,5
dystopian,2
doctor,4
feelin,2
5sosfam,2
golf,5
cart,2
grade,5
multiplayer,5
spectacular,2
riots,6
reach,5
ending,5
edinburgh,3
photographer,3
brian,3
ruebs,2
endures,2
4500,2
climb,3
capture,4
groom,3
southeast,4
logo,4
losses,5
temper,2
kingdom,4
daesh,2
anchorage,6
hazmat,2
produced,4
prone,3
suffering,5
slower,3
fallen,5
enter,4
volga,3
titanic,2
rose,6
beam,5
strongly,2
certain,6
prior,4
montgomery,2
rejected,2
unlocking,4
fifa16,2
lands,6
document,2
curiosity,2
tremor,2
joke,3
creativity,3
preview,4
member,4
chat,2
featured,2
design,5
vladimir,3
quotes,3
esteemed,2
regarding,3
refuse,2
reduced,5
piling,5
drone,6
acquire,2
addition,2
thisiswhywecanthavenicethings,2
disasters,3
label,2
remain,5
worker,2
pays,3
bashes,2
iranians,2
shouting,2
casual,3
stylish,3
pockets,4
enroute,2
justified,2
homie,2
homeland,2
restore,5
vinyl,6
siding,2
curb,3
responder,2
gardens,2
misses,2
inspiring,2
ks94,2
heading,4
hundred,4
arriving,3
castle,3
latimes,3
advance,5
foxy__siren,3
works,3
gusty,4
bundle,2
personnel,2
brings,4
gateau,3
priceless,2
squeeze,2
bare,4
61st,2
calumet,2
pipe,6
hatred,2
theatre,6
ireland,4
brakes,5
opened,5
lying,4
donald,3
camps,3
surrounded,4
afterlife,3
furious,2
mì¼sica,2
tour,6
investigate,2
sharp,5
elsa,2
vacation,3
emperor,2
father,6
requiring,2
react,2
rider,4
cage,3
popular,3
faster,4
zombie,6
famous,4
rapidly,5
spreading,2
topstories,2
waters,3
channel,4
garfield,2
delays,5
panel,3
resistant,5
applications,3
yahoonews,3
outdoor,4
depth,5
theadvocatemag,2
nashville,6
grabbers,3
demand,5
ûïhatchet,3
bottom,6
floated,4
restive,2
northwest,3
retweet,3
boko,3
haram,4
associated,6
rages,2
kenya,4
longest,4
streak,5
digit,4
mohammed,2
clip,5
shaw,2
violations,2
chattanooga,2
langley,3
reshapes,3
testimony,2
examiner,2
gunshot,3
kerricktrial,5
capitalism,2
fool,2
coverage,2
material,2
ornament,3
handling,2
committee,2
showed,3
stockton,2
starbucks,2
anybody,4
fishing,4
asylum,2
disappear,2
atmospheric,2
newz_sacramento,2
mnpdnashville,3
reward,5
drones,5
lebanon,2
philly,5
wrist,2
sight,3
fury,2
angeles,4
kings,2
grand,3
disgusting,3
standing,3
stolen,3
armory,3
albany,2
gunsense,3
thankful,2
reviews,5
pedestrians,2
pdx911,2
letters,4
luchaunderground,2
messi,2
ronaldo,2
sentinel,5
samaritans,3
equal,4
dedicated,2
comedy,3
slate,3
brothers,5
bits,2
vice,2
downpours,2
ccot,2
tracking,5
sketch,2
puppies,2
destroying,3
cables,2
exclusive,2
sprinter,4
frontline,4
weighs,2
q2eblokeve,6
encmhz6y34,6
scream,2
soldier,3
highest,5
ranking,2
nuggets,3
firetruck,2
parts,5
decide,4
workout,3
incase,2
present,4
quake,2
britishbakeoff,2
delay,3
fueled,2
stephen,5
commute,3
earbuds,2
jose,2
battles,2
worrying,2
interstate,2
mitigation,3
entertainment,6
tunein,2
xssgedsbh4,2
beauty,2
13000,3
summertime,2
knight,2
clouds,4
skipping,2
tutor,2
decades,3
fierce,2
laid,3
nike,3
sportwatch,2
nikeplus,2
reopen,2
recording,2
thrown,2
third,4
bloomberg,2
christians,5
detained,3
widespread,3
anger,3
discovery,4
staff,6
teacher,3
approach,2
atmosphere,2
partnerships,2
showers,2
treatment,5
likes,2
teeth,2
londonfire,2
thankfully,2
behalf,3
mourning,5
stabbing,5
stir,5
lifestyle,2
minds,3
structures,6
1916,2
monday,3
rained,2
flooded,4
develop,2
sized,4
sunny,2
shania,2
ukraine,4
cockpit,2
profit,5
billion,2
interest,4
nicki,4
minaj,3
mercury,3
hide,2
fresh,5
unfolded,2
telegraph,3
marshall,2
dambisa,2
moyo,2
prosyn,2
oped,2
po_st,3
pops,2
michigan,5
paramedic,3
dorman,2
connector,6
is2idc3ubj,2
wudlkq7ncx,2
confirmation,2
chair,3
niall,2
cocaine,2
dollars,2
vantage,2
eastbound,2
visibility,2
beneath,2
assisting,2
enabled,2
hardcore,2
locker,3
unnecessary,2
resulting,2
strengthening,2
legislation,2
bronx,3
sudden,2
mark,4
manager,6
bicycle,3
onlinecommunities,3
komen,3
characters,5
cairo,2
barackobama,3
medium,2
cape,2
coral,2
leaders,4
mock,2
tidal,3
messages,2
needle,3
cried,2
candle,2
personally,2
unfortunately,2
amsterdam,6
schiphol,3
salty,2
yugvani,3
allow,6
values,4
3942,2
displace,3
analysis,4
planning,4
facilities,2
capsized,3
cecilthelion,3
pretend,2
supervisor,4
operations,5
queens,3
billboard,3
consequences,2
atlanta,4
chronicle,2
defense,6
beck,2
arnley,2
controlled,3
crowd,4
fluid,2
builds,2
psychiatric,4
defendant,2
solicitor,2
njturnpike,2
emsc,2
kendall,2
jenner,2
relax,4
whoops,2
imagined,2
ability,4
prepared,6
patch,3
civil,6
constant,3
philadelphia,2
autumn,3
launch,3
blizzheroes,2
diablo,2
themed,2
places,5
greenharvard,2
deserves,3
boring,2
elite,3
radioactive,3
murders,2
fragile,2
vancouver,3
electronic,6
ohio,3
restaurants,2
whoever,2
holds,2
address,5
meant,4
wattpad,2
console,2
english,5
freezing,3
wftv,2
stole,2
married,6
messenger,4
satchel,6
bread,2
cmon,2
magner,2
discusses,2
betrayed,4
layout,2
port,5
invest,2
warn,4
medicine,2
monogram,6
contributing,2
basically,2
journalist,3
unhappiness,3
soviet,3
ushanka,2
railways,2
unawares,3
leveled,4
provide,3
hospitals,2
robinson,3
solid,3
although,4
delete,2
omega,2
writer,4
explores,2
religion,2
rayner,2
newsarama,2
enjoyed,3
todays,2
zimbabwe,2
drifting,2
scifi,3
password,3
example,4
missionhills,2
terrifying,3
roller,3
coaster,2
admit,2
conspiracy,2
unto,2
redeemeth,2
servants,2
table,4
brand,3
debatequestionswewanttohear,2
catch,5
rockyfire,4
cafire,2
bass,2
jealous,2
basis,2
1998,3
charts,4
plays,3
tuesday,4
worn,2
occasion,4
thief,2
fled,2
rutherford,2
trials,3
palms,5
treating,2
placing,2
previous,4
leaks,2
sarah,5
palin,3
targeting,4
minority,4
bb4sp,3
ûïthe,4
hypocrisy,2
marijuana,4
monitor,2
teams,5
15km,3
kicked,5
narendramodi,2
lesbian,3
ironic,2
dukes,2
undercover,3
surrounding,2
rcmp,2
reporting,5
whitbourne,2
abomination,3
maketh,2
insurers,4
fettilootch,4
slanglucci,4
oppressions,4
moll5vd8yd,4
holiday,5
chaos,4
genuine,3
capacity,4
email,3
lulgzimbestpicts,4
punch,2
quest,5
appointment,2
steak,2
choose,3
push,2
skills,3
sponsor,2
tied,3
psalms,2
dressed,2
teaching,3
print,4
available,2
supernatural,3
rage,4
murdered,6
regardless,2
ghostwriter,2
scientists,4
monkeys,2
abused,4
immediately,3
vets,4
homeless,6
ûªre,3
kidding,2
edge,2
cleanup,5
wrap,3
condemn,2
simply,2
built,6
trafford,5
odeon,5
coastal,5
shepherd,6
shared,4
rockin,4
prepper,2
failed,6
marlon,2
steel,6
alllivesmatter,2
incredibly,2
necessary,3
conversations,3
compete,2
spain,4
selection,2
invasion,3
blocks,3
winter,6
interviews,3
scotland,3
soaking,2
blues,2
zippednews,2
charge,5
traditional,5
denmark,3
auctions,4
blowing,4
olive,3
grateful,5
evacuating,2
definitely,5
grains,2
coincide,2
destructive,2
crusty,2
promises,5
communities,5
contained,3
enemies,2
stepped,3
locked,2
indonesia,3
driven,5
oliver,2
offers,4
sputnik,2
zak_bagans,3
isil,2
gays,2
schools,2
greg,3
strikes,5
morgan,4
netanyahu,2
argument,2
title,5
volcanoes,2
earthquakes,3
arena,2
milk,3
journalism,2
quot,2
blind,5
lance,2
dunbar,2
listed,4
melt,3
hackers,2
wound,4
foreign,3
encounter,3
drag,3
color,4
movement,4
puppy,2
prophet,2
reacted,2
encouragement,3
evidence,6
sterling,2
carpet,2
truly,5
poll,6
palestinians,3
tools,4
nsfw,3
attitude,3
wheel,2
pivot,2
intelligence,2
extension,2
efak,2
designed,3
occupants,3
sites,3
creating,2
connecto,3
flip,3
sham,2
zabadani,2
sunnis,2
referring,3
throwing,5
solitude,3
weight,4
hurry,3
doors,3
koin6news,2
excellent,4
porridge,2
woodlawn,2
scottwalker,2
typical,2
planted,4
clash,4
profile,5
volleyball,2
machine,6
simulation,2
fits,4
snuff,2
critical,3
rails,2
planes,2
soup,4
aogashima,2
overwork,2
stress,4
cowboys,2
heels,2
investigation,5
dances,2
anonymous,2
ekiti,2
distributed,2
materials,4
unavoidable,3
consequence,3
socialism,3
bbdpnj8xsx,3
devalue,3
tony,2
sunshine,2
slayer,3
reflects,2
attendance,3
jeff,3
hanneman,2
backpack,2
nylon,2
questions,6
grown,3
billneelynbc,2
colder,2
exposure,2
guest,2
elliott,2
waterways,2
historic,4
asia,4
sniping,2
chevrolet,2
begging,2
chase,2
shock,3
variety,3
pack,3
snacks,2
threaten,2
sassy,3
hunk,3
stranded,5
smoky,3
aoms,3
ibooklove,3
bookboost,3
4playthursdays,2
everybody,2
1716,2
invited,2
fabric,2
difficult,2
oral,3
projects,3
gotten,6
exited,2
eaten,3
jumped,2
refuses,2
reaches,3
btwn,2
pulwama,2
holed,2
condition,3
lapse,2
accustomed,2
gambit,2
droid,3
visits,2
recently,4
gift,4
washingtonpost,3
squirrel,2
individual,3
1970,2
hood,2
moulding,2
core,2
cobra,3
429cj,2
insubcontinent,2
gloucester,2
weallheartonedirection,2
cindy,2
noonan,2
cindynoonan,2
heartbreak,2
baltimore,3
yahistorical,2
undergroundrailraod,2
metrics,3
setlist,2
dundee,3
veteran,3
musician,3
recreates,2
classic,5
covers,5
clever,2
v3azwoamzk,3
columbia,3
carlos,2
diageo,2
stresses,2
revolt,2
impacted,3
ordered,2
uniforms,2
reagan,2
performance,2
hang,4
foodscare,2
offers2go,2
nestleindia,2
slips,2
magginoodle,2
unsafe,4
humanconsumption,2
raung,2
frontlines,2
pluto,2
msnbc,2
instructions,2
loaded,2
permanently,2
caribbean,2
thurs,2
garden,4
capital,3
motorcraft,2
jamesmelville,2
warming,4
arizona,3
james,3
architecture,2
cawx,2
acting,3
2000,2
brush,3
liveonk2,2
trusty,2
spontaneously,2
acdelco,2
kindness,2
marine,3
sibling,2
malik,2
midwest,2
okinawa,2
10km,2
exist,4
dakota,2
involved,4
killings,2
affiliate,2
affect,2
socialmedia,2
features,3
jurors,2
verdict,3
drew,2
barack,2
opposition,3
jennifer,2
aniston,2
matters,3
filled,3
sides,2
hall,3
sons,2
daughters,3
unrest,2
cherry,2
matching,2
simultaneous,2
acute,3
bypass,3
technica,2
protest,4
degree,5
efforts,5
exacerbated,2
newlyweds,4
jupiter,3
tepco,2
equally,2
compound,2
digits,3
wpri,2
voting,3
whitehouse,2
invaded,2
gallipoli,2
mishacollins,2
samanthaturne19,2
sanctioned,2
tanzania,2
declined,3
census,2
concern,4
1986,2
adding,3
misery,2
proud,2
cyclist,5
roanoke,3
greenway,2
300000,3
visited,3
model,3
ferrell,2
greek,2
syndrome,2
justifying,2
remembering,6
hamas,3
egged,3
appreciated,2
fraction,3
belief,2
apparent,3
dailykos,2
gust,2
premium,3
offer,5
assistant,2
screw,2
rory,2
mcilroy,3
settle,2
torture,2
entrepreneur,2
particularly,3
distinct,2
ages,3
affects,3
pocket,2
bets,2
doublecups,2
lfkmtzaekk,2
trubgme,3
prod,2
thisizbwright,2
heaven,4
chilling,2
helsinki,2
trusting,2
brigade,2
medical,6
skanndtyagi,2
cyprus,2
entered,4
contruction,2
upgrading,2
ferries,2
standards,2
vashon,2
mukilteo,2
democrats,2
applies,2
explodes,2
kisses,2
drinks,3
precipitation,4
measurement,4
nasahurricane,5
dear,4
mufc,2
legendary,2
period,4
uganda,2
travelling,2
rainier,2
project,6
bringing,6
boeing,3
survivor,3
exhibition,2
banquet,2
reads,2
rape,5
boundaries,2
sustainable,2
significant,3
constantly,4
defects,2
phew,2
threatening,6
choices,3
bummer,2
prefer,4
xoxo,2
therapy,3
atlantic,2
mechanical,2
blutz10,2
hermancranston,2
installation,3
cladding,3
cbplawyers,2
priority,2
pjnet,2
mandatory,2
edition,6
tornados,2
nowhere,2
chelsea,4
limit,3
disappeared,2
henry,2
jerry,2
fantasticfour,2
overload,2
celebrations,2
acquisitions,2
elbow,2
rally,5
protesting,2
chain,3
gary,2
safari,2
vanuatu,2
afmkcfn1tl,2
transformation,3
pyehwodwun,2
aliens,2
exterminate,2
fortunately,2
quality,5
autobiography,2
lawton,2
collins,2
friendship,3
vital,2
negros,2
director,2
naval,2
1999,2
scares,2
versions,2
governments,2
vest,3
lionel,2
dept,3
clev,4
organizations,3
insight,2
proposed,2
jamaicaplain,2
file,2
pattonoswalt,2
rohingya,5
sittwe,4
gridlock,2
tribal,5
madinah,2
prophetmuhammad,2
missiles,2
mania,2
coach,4
vocal,2
bbcnews,3
routecomplex,2
recycling,3
continually,2
maintain,2
friendly,2
management,6
leadership,3
coyotes,2
lizards,2
digital,2
code,4
geometric,2
pattern,3
totes,2
tops,2
kurtschlichter,4
downfall,2
april,2
ian_hellfire,3
ignored,2
expensive,3
daniel,3
ignore,2
struggling,2
minded,3
cont,3
meinlcymbals,2
087809233445,2
pits,2
salvador,4
unit,6
skyline,2
kiss,2
feinstein,2
summary,2
previously,4
muscle,4
paris,3
geneva,2
hamburg,2
dental,3
bump,2
mouth,2
upwards,2
bitcoin,2
figure,2
decisions,4
chases,3
preservation,2
rightways,2
integrity,4
inspections,2
vz1irh0nmm,2
rightwaystan,2
speaking,4
citizens,3
dixon,2
feminist,4
freshman,2
packed,2
andy,2
hidden,2
mining,6
software,2
jimmyfallon,3
worstsummerjob,4
tape,3
tlvfaces,2
auspol,3
lmfaoooo,2
homs,2
mens,2
letter,2
channels,2
corleonedaboss,2
positive,4
extensive,2
pathogen,2
procedures,3
rating,3
ratings,2
anellatulip,2
dwarves,2
origin,3
hiphop,2
indie,2
1620,3
items,2
extender,2
ameenshaikh3,2
homeowners,2
remembered,4
apple,4
mobile,2
nurses,2
autistic,2
jedi,2
hasbro,2
rioters,2
brutally,4
admin,2
doctors,2
pharaoh,2
hampshire,3
rspca,2
denial,2
standwithpp,2
raynbowaffair,4
editor,4
diamondkesawn,4
ramag,4
models,4
respected,2
affleck,2
flower,3
sail,2
income,2
motion,2
instantly,2
steal,2
looters,2
brock,2
daughter,6
countries,5
fleeing,2
commit,3
delta,2
leaked,2
ûïwe,4
mitt,4
hysteria,2
grey,5
indifference,2
native,2
manufactured,2
wmur9,2
diverse,2
heroine,2
targeted,2
troll,2
relive,2
outfit,2
cosponsor,2
renew911health,2
chan,2
tooth,3
bradleybrad47,2
creates,2
pleasure,2
envw98,2
nickcocofree,2
juliedicaro,2
jdabe80,2
carried,3
gmmbc,2
bluetooth,4
glenn,2
sparked,6
increase,4
heartless,3
whipped,3
generational,2
privacy,2
habits,2
wolves,2
denali,2
plummeted,2
consent,2
underway,4
knoxville,3
nmfsgkf1za,2
barrier,2
groups,3
milwaukee,2
mourns,2
superhero,3
epilepsy,4
suffer,4
1976,3
options,4
grants,2
saturn,2
adoption,2
2005,3
nights,2
prediction,2
revelation,2
firefighting,2
jamaica,5
federal,3
rt_america,2
golem,2
graveyard,2
collapses,4
chunks,3
concept,3
gear,2
hated,4
batters,3
zujwuiomb3,4
latin,2
infosec,2
identitytheft,2
krefeld,2
beforeitsnews,4
loads,2
mcdonalds,2
ûïyou,2
shocking,2
hiroshima70,2
realise,5
modi,3
explain,2
abusing,2
obispo,2
contact,3
dannyonpc,3
hardline,3
throwingknifes,3
sony,2
elem,2
waits,2
newberg,2
jacque,2
betz,2
forward,4
campaign,5
poorly,2
apartments,2
copycat,4
lvlh3w3awo,4
viwxy1xdyk,4
unions,3
roh3,2
therapies,2
commerce,2
labs,3
perhaps,4
swept,2
turbine,4
biological,5
fema,2
wearing,5
45pm,2
arwx,3
mido,5
macia,2
vxvfaeey0q,2
photoset,2
raised,2
9newsgoldcoast,2
stroke,2
disruptive,2
gray,5
moderate,2
deny,2
sixth,4
dothraki,2
westeros,2
crimes,3
moscow,2
uncle,2
vacant,4
statement,5
salmon,3
yellow,3
honey,3
recommended,2
magisters,2
showing,2
60mph,2
vgbootcamp,2
vabengal,2
infinity,2
probe,4
simon,2
premiere,2
nude,3
ferry,2
knocking,2
earrings,4
jewelry,2
punk,2
lanes,5
lines,2
barn,3
faulty,2
request,2
tasmania,2
anza,2
organic,2
vietnamese,2
mafia,2
vegetable,2
playstation,2
uranium,2
digging,2
feeding,4
worldwide,2
abbswinston,3
zionist,4
suryaray,2
outbid,2
cherokee,2
lawsuit,2
countless,2
julian,2
challenged,2
nostrils,2
grounds,2
wheeler,2
authentic,2
cityofcalgary,2
asics,2
ronnie,2
fieg,2
kith,2
electro,2
regional,2
globe,2
sending,4
ûªll,3
diaporama,2
sixpenceee,2
karymsky,4
located,2
volcanoåêinåêrussia,2
ripped,3
testing,2
reckless,2
ergo,2
wireless,4
plug,6
micom,2
contrast,2
earned,2
pipeline,5
spilled,2
crude,2
pressed,2
flaming,3
pulled,5
eudrylantiqua,2
backyard,2
bridges,2
fist,2
prompted,3
pets,3
cites,2
rotator,2
cuff,2
pillows,2
prez,2
mina,2
shooter,2
bicep,2
torso,3
jonathanferrell,2
sophie,4
bigamist,3
pregnant,4
lollapalooza,2
scale,3
unprecedented,2
weakening,2
towards,5
lubbock,2
outflow,3
boundary,2
gusts,5
lavenderpoetrycafe,2
primarily,2
northwestern,2
cared,2
birmingham,3
edward,2
khan,2
southdowns,2
treeporn,2
truelove,2
lith,2
voodoo,2
seduction,2
astrology,2
rtrrt,2
lotz,2
surrender,2
wither,4
showcase,3
musik,2
raynor,2
imperfect,2
corner,2
overnight,3
command,2
unity,2
musicians,2
shedding,3
olap,3
multidimensi,2
robot,2
blame,4
penalties,3
riders,2
dears,2
estimates,2
tens,2
professional,2
repeat,3
unstable,2
saturated,2
islands,2
formation,2
sturgis,2
kotaweather,2
haiyan,3
strategicpatience,3
rqwuoy1fm4,2
platform,2
montetjwitter11,2
elderly,2
popularmmos,2
desk,2
avoided,2
livingsafely,2
encore,2
complex,6
approval,2
auto,3
specialists,2
studio,2
forth,2
float,2
warrior,2
faroeislands,2
bicycles,2
rivers,2
plaguing,3
pickens,2
pcps,2
primary,4
physicians,2
taliban,2
nickcannon,3
realmandyrain,3
itunesmusic,3
dehmym5lpk,3
blowmandyup,3
matches,2
noaa,3
looping,3
november,2
timkaine,2
delayed,2
utterly,4
appropriation,2
hiding,2
eurotunnel,2
spinning,3
tomcatarts,2
thus,4
relentless,2
marines,2
display,2
providence,5
accuses,4
gtfo,2
combust,2
measles,2
complications,2
looses,2
crickets,2
divided,2
matthew,2
ashayo,2
customs,2
however,3
striking,2
torch,4
stamp,3
elizabeth,2
ptsd,3
corners,3
frank,3
novel,2
baruch,2
goldstein,2
nurse,4
healthcare,3
specific,3
grills,2
condos,2
bulletin,4
okanagan,4
criminal,3
interlaken,2
publicizing,2
supply,2
23km,2
twentynine,2
wildhorses,2
turkmen,2
offices,2
inspired,2
horn,2
johannesburg,2
downstairs,2
difference,2
treated,2
maryland,5
mansion,5
ttes,2
helpline,2
anxious,3
amageddon,2
freespeech,2
notley,2
patriot,2
politifiact,2
served,5
pants,2
pushing,2
idfire,4
parker,6
sheet,2
6773,2
aviation,2
suruc,2
rates,2
loretta,2
birth,3
refugee,4
taught,2
teachers,3
auckland,2
northland,2
battered,2
gravel,2
discussion,2
specimens,4
perfectly,2
fixing,3
apart,3
nasasolarsystem,2
traverse,2
briefing,3
required,3
bengal,2
mamata,2
banerjee,2
breakfast,2
draw,2
inciweb,2
rogue,2
siskiyou,2
trail,2
epicenter,2
younger,2
coahuila,2
engvaus,2
crane,2
explosives,2
eastern,4
braking,4
adults,2
crowns,2
nosurrender,2
bully,3
whenever,2
voluntary,3
pickerel,2
honest,2
rammed,2
transporting,3
eysvvza7qm,2
zarry,2
usnwsgov,3
38pm,2
centers,2
infectious,2
wedn,2
automation,2
wealth,5
starring,5
landfall,4
joint,2
questioning,2
bottle,3
dozen,2
experiencing,3
motorcycle,5
traveling,2
torching,2
viralspell,5
newsintweets,3
approves,2
association,2
directors,2
gunmen,3
salvadoran,2
vicinity,2
etisalat,2
chairs,2
suspense,2
kisii,6
countynews,2
halt,2
stereo,4
ducks,2
claytonbryant,3
artistsunited,3
language,2
commonwealth,2
expand,2
armed,3
wealthy,2
sanctions,4
huffman,5
unveiled,6
specif,4
diplomacy,2
0wratka2jl,3
noted,2
carr,2
climatechange,2
indi,2
indiannews,2
restricted,4
demonstratio,3
comp,2
swells,3
billings,3
10pm,2
jhaustin,2
ames,2
dependency,4
counselor,4
intern,4
skqpwsnoin,2
cnnbrk,2
belonged,3
legio,2
signing,2
mchenry,2
tunnel,3
recommend,5
editorial,2
longs,3
batteries,2
fold,2
excuses,2
fuels,3
removing,2
1943,2
openly,3
idps,3
detroit,3
pakpattan,2
correspondent,2
nankana,2
sahib,2
accionempresa,3
gerenciatodos,3
increasing,2
fairfax,2
ihhen,2
unrelenting,2
cement,2
vince,2
mcmahon,2
responded,3
teens,2
escaping,2
2012,2
bangladesh,3
artificial,2
fathers,2
medals,2
yazidi,2
repairs,2
teenagers,2
riding,2
venezuela,3
aust,2
suffered,2
ambulances,2
durant,2
genius,2
willing,4
chernobyl,3
savings,2
guatemala,2
hughes,4
chances,2
blah,3
specialist,2
shantae,2
engage,2
1023,2
enormous,2
ipad,2
peterjukes,2
alternatives,3
peaceful,4
laois,2
advertised,2
largest,4
60000,2
miami,4
casper,3
strikers,2
weston,2
custer,2
lawrence,2
pennington,2
farrakhan,3
travis,2
deputy,2
sept,2
joined,2
mentioned,2
gordon,2
facility,2
keratin,2
treatments,2
brazilian,2
blowout,3
copycats,2
terms,3
7000,2
1200,3
rejects,2
rohnertparkdps,2
complaints,2
logistics,2
saddlebrooke,3
seal,2
backup,2
skill,2
economies,2
coping,2
voted,2
dems,2
describes,2
surah,2
humaza,2
reflect,2
godslove,3
thanku,3
cybksxhf7d,5
apocalyptic,4
posters,2
comingsoon,2
beliefs,2
salvation,3
alarmed,2
prince,4
premier,2
nixon,2
teamhendrick,2
investing,2
deserve,2
iclown,2
iconic,2
kidnap,2
bundled,2
david_cameron,2
savebees,3
chem,2
dubstep,6
alien,2
m203ul6o7p,2
managed,2
icemoon,5
djicemoon,5
trapmusic,5
ices,5
mistreated,2
arnhem,2
realtime,2
corp,2
june,2
lived,3
abu_baraa1,2
ally,2
gander,2
partner,3
theological,2
evansville,2
caitlin,4
kiernan,4
centipede,4
numbered,4
loading,2
antonio,2
9nwajli9cr,3
fifty,2
dates,2
republic,3
district,2
athlete,2
sources,4
reinstate,2
buffer,2
protectdenaliwolves,2
whistle,2
knife,2
wing,2
homosexuality,2
arrestpastornganga,2
any1,2
2007,2
salvi,2
bistro,2
couples,4
alloy,2
2pcs,4
starving,2
firemen,2
embroidered,3
steam,3
sided,2
linerless,2
caps,2
shakes,3
ruining,2
improve,2
ûïrichmond,3
quartz,2
fashionable,3
mountaineering,3
leisure,3
tempered,5
protector,5
blackberry,5
collective,2
sheer,2
faced,5
1880,2
dmpl,2
cameo,2
tragic,2
dutton,2
ntsb,2
attained,2
shoe,2
frontpage,3
rickperry,3
punishment,2
suit,2
experiments,5
vvplfqv58p,5
underwriter,2
product,2
moral,3
reshape,2
mineral,2
crystal,2
aquarium,2
sailing,2
destroyer,2
decor,2
suruì,2
uoozxaus26,2
auth,5
bluedio,3
headset,3
cancers,2
equate,2
blackpool,2
kowing,2
beclearoncancer,2
hush,2
michelebachman,2
firey,2
inferno,2
accept,2
globalwarming,2
camera,3
survey,2
insas,2
oper,3
2030,3
taxiways,3
foxtrot,6
navbl,3
inst,3
apch,3
conservative,2
yelling,2
renison,2
bumper,2
letsfootball,2
kashmir,2
saf9mosksn,2
bestnaijamade,4
jamaicaobserver,2
cnewslive,2
xpfmr368uf,2
smart,2
enemy,6
destiny,6
blessings,6
japton,2
poss,2
rapidcity,2
cheyenne,2
pmharper,2
chose,2
katrina,2
paid,2
lamha,2
ymcglaun,2
foxnew,2
activities,2
headlines,2
punjab,2
pillow,3
tower,2
kodiak,2
goulburn,2
snowden,2
faceless,2
define,2
harwich,2
hannaph,2
earners,5
gilbert23,3
e8dl1lncvu,3
cubs,2
fdny,2
90blks,3
8whts,3
colluded,3
idis,3
